{
  "survey_token": "Y45GLAv1ICIn8bgJt7FKkFL7K8FikkzA",
  "feedback_type": "peer",
  "employee_email": "bob@acme.com",
  "auth_code": "M5J5FSE1",
  "responses": [
    {
      "question_id": 20,
      "response_text": "Good"
    },
    {
      "question_id": 15,
      "response_text": "Good"
    },
    {
      "question_id": 16,
      "response_text": "Excellent"
    },
    {
      "question_id": 17,
      "response_text": "Good"
    },
    {
      "question_id": 21,
      "response_text": "Bob consistently brings positive energy to cross-departmental meetings and helps resolve conflicts with diplomatic solutions."
    }
  ]
}
